Fiscal Week,MyWay,MyWay %,Paper Ticket,Paper Ticket %,Total
1/07/2014,168792,0.866604372,25982,0.133395628,194774
7/07/2014,160789,0.847989579,28823,0.152010421,189612
14/07/2014,164407,0.847000335,29698,0.152999665,194105
21/07/2014,253767,0.880071996,34581,0.119928004,288348
28/07/2014,255553,0.884921707,33233,0.115078293,288786
4/08/2014,257387,0.88487455,33487,0.11512545,290874
11/08/2014,251260,0.884777503,32721,0.115222497,283981
18/08/2014,258418,0.887278196,32830,0.112721804,291248
25/08/2014,255843,0.887964515,32280,0.112035485,288123
1/09/2014,250339,0.888312859,31475,0.111687141,281814
8/09/2014,246161,0.884446792,32161,0.115553208,278322
15/09/2014,249188,0.882293791,33244,0.117706209,282432
22/09/2014,254111,0.875022813,36294,0.124977187,290405
29/09/2014,159249,0.84563427,29070,0.15436573,188319
6/10/2014,165097,0.855562292,27872,0.144437708,192969
13/10/2014,259052,0.887638601,32792,0.112361399,291844
20/10/2014,262227,0.886821805,33466,0.113178195,295693
27/10/2014,262613,0.888869709,32833,0.111130291,295446
3/11/2014,256363,0.887453051,32512,0.112546949,288875
10/11/2014,254162,0.88480806,33089,0.11519194,287251
17/11/2014,254683,0.881817489,34133,0.118182511,288816
24/11/2014,242510,0.88090637,32786,0.11909363,275296
1/12/2014,232947,0.874307526,33489,0.125692474,266436
8/12/2014,213436,0.866062878,33008,0.133937122,246444
15/12/2014,185028,0.851792176,32194,0.148207824,217222
22/12/2014,79986,0.818790435,17702,0.181209565,97688
29/12/2014,62808,0.77161601,18590,0.22838399,81398
5/01/2015,140584,0.851348323,24547,0.148651677,165131
12/01/2015,160070,0.854832766,27183,0.145167234,187253
19/01/2015,162860,0.85521341,27572,0.14478659,190432
26/01/2015,142300,0.853993002,24329,0.146006998,166629
2/02/2015,241869,0.879418106,33164,0.120581894,275033
9/02/2015,274609,0.876779203,38593,0.123220797,313202
16/02/2015,277055,0.891568785,33695,0.108431215,310750
23/02/2015,286548,0.891024086,35046,0.108975914,321594
2/03/2015,276362,0.893210473,33041,0.106789527,309403
9/03/2015,239088,0.887529419,30298,0.112470581,269386
16/03/2015,279559,0.897679691,31865,0.102320309,311424
23/03/2015,278020,0.898583701,31378,0.101416299,309398
30/03/2015,220488,0.892356881,26597,0.107643119,247085
6/04/2015,208006,0.881620439,27930,0.118379561,235936
13/04/2015,183107,0.869681066,27438,0.130318934,210545
20/04/2015,185665,0.870318286,27665,0.129681714,213330
27/04/2015,222398,0.888483173,27914,0.111516827,250312
4/05/2015,268341,0.894854788,31530,0.105145212,299871
11/05/2015,268639,0.897998683,30514,0.102001317,299153
18/05/2015,264629,0.89807644,30033,0.10192356,294662
25/05/2015,264542,0.900648228,29182,0.099351772,293724
1/06/2015,254434,0.899129968,28544,0.100870032,282978
8/06/2015,216925,0.894901424,25476,0.105098576,242401
15/06/2015,245781,0.898059778,27899,0.101940222,273680
22/06/2015,240213,0.89551521,28027,0.10448479,268240
29/06/2015,81096,0.90119684,8891,0.09880316,89987
1/07/2015,132598,0.882339633,17682,0.117660367,150280
6/07/2015,164804,0.869531266,24728,0.130468734,189532
13/07/2015,170161,0.866170871,26291,0.133829129,196452
20/07/2015,256595,0.897028492,29455,0.102971508,286050
27/07/2015,264173,0.900363659,29234,0.099636341,293407
3/08/2015,262554,0.903035639,28192,0.096964361,290746
10/08/2015,257484,0.899865798,28652,0.100134202,286136
17/08/2015,262445,0.90340647,28061,0.09659353,290506
24/08/2015,259351,0.903995901,27543,0.096004099,286894
31/08/2015,262650,0.904744353,27653,0.095255647,290303
7/09/2015,255369,0.898430546,28870,0.101569454,284239
14/09/2015,257216,0.894141858,30452,0.105858142,287668
21/09/2015,258787,0.889183237,32252,0.110816763,291039
28/09/2015,162012,0.858028059,26807,0.141971941,188819
5/10/2015,163885,0.865865707,25388,0.134134293,189273
12/10/2015,264659,0.89757512,30201,0.10242488,294860
19/10/2015,263720,0.899049541,29612,0.100950459,293332
26/10/2015,262836,0.900157198,29153,0.099842802,291989
2/11/2015,255681,0.898734578,28809,0.101265422,284490
9/11/2015,253311,0.899736804,28228,0.100263196,281539
16/11/2015,254623,0.895478348,29720,0.104521652,284343
23/11/2015,245728,0.894379192,29019,0.105620808,274747
30/11/2015,238922,0.89062931,29340,0.10937069,268262
7/12/2015,219439,0.881500615,29499,0.118499385,248938
14/12/2015,196723,0.871759534,28939,0.128240466,225662
21/12/2015,105865,0.848882617,18846,0.151117383,124711
28/12/2015,55940,0.798287549,14135,0.201712451,70075
4/01/2016,134735,0.855911369,22682,0.144088631,157417
11/01/2016,157169,0.868908288,23712,0.131091712,180881
18/01/2016,164047,0.868451423,24849,0.131548577,188896
25/01/2016,137665,0.862487,21949,0.137513,159614
1/02/2016,245740,0.889540461,30515,0.110459539,276255
8/02/2016,278923,0.885745407,35979,0.114254593,314902
15/02/2016,293277,0.90068916,32337,0.09931084,325614
22/02/2016,292773,0.904008201,31088,0.095991799,323861
29/02/2016,288557,0.905634855,30067,0.094365145,318624
7/03/2016,291630,0.906434839,30103,0.093565161,321733
14/03/2016,247565,0.901117821,27166,0.098882179,274731
21/03/2016,234047,0.901755373,25499,0.098244627,259546
28/03/2016,237385,0.899209449,26608,0.100790551,263993
4/04/2016,265451,0.900853848,29215,0.099146152,294666
11/04/2016,194901,0.880112892,26549,0.119887108,221450
18/04/2016,204819,0.883438361,27024,0.116561639,231843
25/04/2016,238437,0.900782017,26263,0.099217983,264700
2/05/2016,281900,0.910012396,27876,0.089987604,309776
9/05/2016,278027,0.911259185,27075,0.088740815,305102
16/05/2016,276788,0.910136559,27329,0.089863441,304117
23/05/2016,271118,0.912449686,26014,0.087550314,297132
30/05/2016,262921,0.914307473,24642,0.085692527,287563
6/06/2016,261545,0.91057689,25685,0.08942311,287230
13/06/2016,214907,0.902132893,23314,0.097867107,238221
20/06/2016,242631,0.908903948,24318,0.091096052,266949
27/06/2016,214832,0.905157958,22510,0.094842042,237342
4/07/2016,170130,0.8829345,22557,0.1170655,192687
11/07/2016,179596,0.881725392,24091,0.118274608,203687
18/07/2016,271885,0.908964779,27230,0.091035221,299115
25/07/2016,277826,0.91559396,25612,0.08440604,303438
1/08/2016,275539,0.914928659,25620,0.085071341,301159
8/08/2016,270668,0.913702774,25564,0.086297226,296232
15/08/2016,274086,0.91429048,25694,0.08570952,299780
22/08/2016,272925,0.916246185,24948,0.083753815,297873
29/08/2016,268884,0.917912129,24046,0.082087871,292930
5/09/2016,260095,0.914918989,24187,0.085081011,284282
12/09/2016,256982,0.910166958,25364,0.089833042,282346
19/09/2016,265369,0.906819712,27268,0.093180288,292637
26/09/2016,166300,0.878713264,22954,0.121286736,189254
3/10/2016,172979,0.882789136,22967,0.117210864,195946
10/10/2016,277802,0.908862491,27857,0.091137509,305659
17/10/2016,273113,0.911744283,26437,0.088255717,299550
24/10/2016,272962,0.912696608,26110,0.087303392,299072
31/10/2016,266710,0.911249599,25976,0.088750401,292686
7/11/2016,265988,0.908860422,26673,0.091139578,292661
14/11/2016,268197,0.908344877,27062,0.091655123,295259
21/11/2016,254330,0.904297306,26916,0.095702694,281246
28/11/2016,248409,0.897901719,28246,0.102098281,276655
5/12/2016,227061,0.892507311,27347,0.107492689,254408
12/12/2016,204247,0.886442546,26165,0.113557454,230412
19/12/2016,147755,0.872508784,21590,0.127491216,169345
26/12/2016,61641,0.809149383,14539,0.190850617,76180
2/01/2017,116585,0.851812343,20282,0.148187657,136867
9/01/2017,162608,0.880590064,22050,0.119409936,184658
16/01/2017,169780,0.885068317,22047,0.114931683,191827
23/01/2017,145416,0.878126547,20182,0.121873453,165598
30/01/2017,248724,0.903826447,26466,0.096173553,275190
6/02/2017,270115,0.908936425,27062,0.091063575,297177
13/02/2017,289019,0.909259364,28843,0.090740636,317862
20/02/2017,309304,0.916423712,28208,0.083576288,337512
27/02/2017,311127,0.919704987,27163,0.080295013,338290
6/03/2017,302657,0.915749375,27845,0.084250625,330502
13/03/2017,261551,0.91260581,25047,0.08739419,286598
20/03/2017,304908,0.920204739,26440,0.079795261,331348
27/03/2017,306087,0.921568509,26050,0.078431491,332137
3/04/2017,281205,0.916846261,25504,0.083153739,306709
10/04/2017,153348,0.892788319,18415,0.107211681,171763
17/04/2017,184512,0.896773284,21239,0.103226716,205751
24/04/2017,229783,0.912789936,21954,0.087210064,251737
1/05/2017,296120,0.919304716,25993,0.080695284,322113
8/05/2017,295563,0.923614171,24444,0.076385829,320007
15/05/2017,290910,0.923564857,24076,0.076435143,314986
22/05/2017,288824,0.926501912,22912,0.073498088,311736
29/05/2017,279418,0.92578002,22401,0.07421998,301819
5/06/2017,278553,0.926022087,22253,0.073977913,300806
12/06/2017,230945,0.918317845,20542,0.081682155,251487
19/06/2017,255667,0.919966608,22242,0.080033392,277909
26/06/2017,232224,0.916986183,21023,0.083013817,253247
3/07/2017,184199,0.902378923,19927,0.097621077,204126
10/07/2017,186058,0.896064805,21581,0.103935195,207639
17/07/2017,270552,0.920927763,23230,0.079072237,293782
24/07/2017,289347,0.92751017,22614,0.07248983,311961
31/07/2017,287439,0.92981707,21696,0.07018293,309135
7/08/2017,283099,0.925510978,22785,0.074489022,305884
14/08/2017,287011,0.928910336,21965,0.071089664,308976
21/08/2017,289546,0.930770665,21536,0.069229335,311082
28/08/2017,289179,0.933437702,20621,0.066562298,309800
4/09/2017,268251,0.928779417,20570,0.071220583,288821
11/09/2017,275692,0.927181985,21652,0.072818015,297344
18/09/2017,285836,0.922453326,24029,0.077546674,309865
25/09/2017,186664,0.900496888,20626,0.099503112,207290
2/10/2017,190098,0.903679407,20262,0.096320593,210360
9/10/2017,288390,0.924267675,23630,0.075732325,312020
16/10/2017,283470,0.926408879,22518,0.073591121,305988
23/10/2017,283606,0.927286698,22239,0.072713302,305845
30/10/2017,271914,0.927600405,21223,0.072399595,293137
6/11/2017,266857,0.925346584,21529,0.074653416,288386
13/11/2017,266885,0.922969716,22274,0.077030284,289159
20/11/2017,260224,0.914603843,24297,0.085396157,284521
27/11/2017,247440,0.919034761,21799,0.080965239,269239
4/12/2017,231279,0.914637908,21585,0.085362092,252864
11/12/2017,223596,0.905844748,23241,0.094155252,246837
18/12/2017,178829,0.895663149,20832,0.104336851,199661
25/12/2017,64084,0.845848237,11679,0.154151763,75763
1/01/2018,118937,0.876605812,16742,0.123394188,135679
8/01/2018,174111,0.901947275,18928,0.098052725,193039
15/01/2018,184405,0.90526848,19297,0.09473152,203702
22/01/2018,160551,0.902402833,17364,0.097597167,177915
29/01/2018,198345,0.905631173,20668,0.094368827,219013
5/02/2018,273225,0.916351965,24941,0.083648035,298166
12/02/2018,311124,0.916647762,28291,0.083352238,339415
19/02/2018,321594,0.928311429,24835,0.071688571,346429
26/02/2018,323775,0.931892884,23663,0.068107116,347438
5/03/2018,320512,0.930282238,24020,0.069717762,344532
12/03/2018,280015,0.927094542,22020,0.072905458,302035
19/03/2018,321350,0.931908477,23480,0.068091523,344830
26/03/2018,264037,0.930104023,19842,0.069895977,283879
2/04/2018,249620,0.922911968,20850,0.077088032,270470
9/04/2018,293406,0.927197229,23038,0.072802771,316444
16/04/2018,240728,0.916172542,22026,0.083827458,262754
23/04/2018,204504,0.912304494,19658,0.087695506,224162
30/04/2018,316553,0.930097196,23791,0.069902804,340344
7/05/2018,311169,0.933320336,22231,0.066679664,333400
14/05/2018,313466,0.934508726,21968,0.065491274,335434
21/05/2018,308281,0.93486475,21479,0.06513525,329760
28/05/2018,254083,0.932962473,18257,0.067037527,272340
4/06/2018,296188,0.934659539,20706,0.065340461,316894
11/06/2018,243773,0.93066574,18161,0.06933426,261934
18/06/2018,280479,0.933793884,19886,0.066206116,300365
25/06/2018,263445,0.929492042,19984,0.070507958,283429
2/07/2018,244166,0.924951795,19811,0.075048205,263977
9/07/2018,204320,0.910573743,20066,0.089426257,224386
16/07/2018,210123,0.913971666,19778,0.086028334,229901
23/07/2018,306934,0.934999025,21338,0.065000975,328272
30/07/2018,314112,0.938345218,20639,0.061654782,334751
6/08/2018,306263,0.9375044,20416,0.0624956,326679
13/08/2018,312132,0.939118505,20235,0.060881495,332367
20/08/2018,308382,0.938395202,20245,0.061604798,328627
27/08/2018,305136,0.942071448,18763,0.057928552,323899
3/09/2018,290189,0.938145363,19133,0.061854637,309322
10/09/2018,294274,0.936340409,20007,0.063659591,314281
17/09/2018,311626,0.936049935,21290,0.063950065,332916
24/09/2018,303757,0.933665911,21581,0.066334089,325338
1/10/2018,206387,0.918402129,18337,0.081597871,224724
8/10/2018,237385,0.923149016,19762,0.076850984,257147
15/10/2018,309915,0.935118189,21503,0.064881811,331418
22/10/2018,310940,0.936033403,21249,0.063966597,332189
29/10/2018,299328,0.93551694,20632,0.06448306,319960
5/11/2018,298601,0.934702515,20860,0.065297485,319461
12/11/2018,301559,0.930912919,22380,0.069087081,323939
19/11/2018,284325,0.932485217,20586,0.067514783,304911
26/11/2018,272602,0.931479045,20053,0.068520955,292655
3/12/2018,270838,0.92804545,20999,0.07195455,291837
10/12/2018,245691,0.92112939,21037,0.07887061,266728
17/12/2018,208313,0.916108519,19076,0.083891481,227389
24/12/2018,66700,0.875132844,9517,0.124867156,76217
31/12/2018,107085,0.876459948,15094,0.123540052,122179
7/01/2019,177228,0.913489887,16784,0.086510113,194012
14/01/2019,186208,0.914856194,17330,0.085143806,203538
21/01/2019,192500,0.914745701,17941,0.085254299,210441
28/01/2019,164997,0.915170474,15294,0.084829526,180291
4/02/2019,273870,0.927567941,21386,0.072432059,295256
11/02/2019,310326,0.928499834,23897,0.071500166,334223
18/02/2019,312508,0.932728841,22539,0.067271159,335047
25/02/2019,332252,0.938066789,21936,0.061933211,354188
4/03/2019,325987,0.938664739,21301,0.061335261,347288
11/03/2019,285577,0.935177423,19795,0.064822577,305372
18/03/2019,331422,0.942659181,20160,0.057340819,351582
25/03/2019,325081,0.944936981,18943,0.055063019,344024
1/04/2019,320156,0.943405567,19206,0.056594433,339362
8/04/2019,303402,0.940276999,19271,0.059723001,322673
15/04/2019,187196,0.931610746,13742,0.068389254,200938
22/04/2019,182706,0.889816393,22624,0.110183607,205330
29/04/2019,361974,0.972415794,10268,0.027584206,372242
6/05/2019,368299,0.977568679,8451,0.022431321,376750
13/05/2019,379720,0.977984279,8548,0.022015721,388268
20/05/2019,377738,0.977438628,8719,0.022561372,386457
27/05/2019,288157,0.957991044,12636,0.042008956,300793
3/06/2019,318259,0.952882669,15737,0.047117331,333996
10/06/2019,275957,0.950694011,14312,0.049305989,290269
17/06/2019,318090,0.95200328,16037,0.04799672,334127
24/06/2019,297779,0.949710889,15768,0.050289111,313547
1/07/2019,277999,0.945719583,15956,0.054280417,293955
8/07/2019,224808,0.934142784,15849,0.065857216,240657
15/07/2019,240579,0.929364454,18285,0.070635546,258864
22/07/2019,328361,0.950803675,16990,0.049196325,345351
29/07/2019,334389,0.95242015,16705,0.04757985,351094
5/08/2019,317436,0.952483257,15836,0.047516743,333272
12/08/2019,332360,0.952869704,16439,0.047130296,348799
19/08/2019,331298,0.951879924,16748,0.048120076,348046
26/08/2019,330775,0.952520136,16488,0.047479864,347263
2/09/2019,315131,0.950931223,16261,0.049068777,331392
9/09/2019,321038,0.95040143,16754,0.04959857,337792
16/09/2019,335305,0.948649757,18150,0.051350243,353455
23/09/2019,330721,0.946921912,18538,0.053078088,349259
30/09/2019,269833,0.92804251,20922,0.07195749,290755
7/10/2019,230272,0.929790842,17388,0.070209158,247660
14/10/2019,330962,0.9493652,17652,0.0506348,348614
21/10/2019,329642,0.94960203,17495,0.05039797,347137
28/10/2019,320983,0.949659465,17015,0.050340535,337998
4/11/2019,323596,0.949934097,17055,0.050065903,340651
11/11/2019,323739,0.948102267,17721,0.051897733,341460
18/11/2019,311821,0.939463234,20093,0.060536766,331914
25/11/2019,308499,0.94517652,17894,0.05482348,326393
2/12/2019,300026,0.942277916,18379,0.057722084,318405
9/12/2019,285160,0.938959098,18538,0.061040902,303698
16/12/2019,245258,0.934273481,17254,0.065726519,262512
23/12/2019,99782,0.901788539,10867,0.098211461,110649
30/12/2019,94152,0.873597773,13623,0.126402227,107775
6/01/2020,173870,0.928376156,13414,0.071623844,187284
13/01/2020,217767,0.932944619,15652,0.067055381,233419
20/01/2020,228566,0.930052572,17190,0.069947428,245756
27/01/2020,197955,0.929964343,14908,0.070035657,212863
3/02/2020,315088,0.94219527,19331,0.05780473,334419
10/02/2020,336056,0.947039445,18793,0.052960555,354849
17/02/2020,366037,0.940041193,23347,0.059958807,389384
24/02/2020,362263,0.947243874,20176,0.052756126,382439
2/03/2020,334145,0.947576929,18486,0.052423071,352631
9/03/2020,288039,0.946690155,16220,0.053309845,304259
16/03/2020,265317,0.958795746,11402,0.041204254,276719
23/03/2020,93558,0.98305156,1613,0.01694844,95171
30/03/2020,47801,0.987542352,603,0.012457648,48404
6/04/2020,39492,0.987151927,514,0.012848073,40006
13/04/2020,43793,0.987040209,575,0.012959791,44368
20/04/2020,50731,0.987003638,668,0.012996362,51399
27/04/2020,46305,0.987208187,600,0.012791813,46905
4/05/2020,61906,0.986880071,823,0.013119929,62729
11/05/2020,73970,0.987267097,954,0.012732903,74924
18/05/2020,102161,0.989951356,1037,0.010048644,103198
25/05/2020,128829,0.990025129,1298,0.009974871,130127
1/06/2020,132149,0.98824418,1572,0.01175582,133721
8/06/2020,136838,0.988371085,1610,0.011628915,138448
15/06/2020,164924,0.988622604,1898,0.011377396,166822
22/06/2020,167479,0.987686283,2088,0.012313717,169567
29/06/2020,103589,0.639576452,586,0.003618066,161965
6/07/2020,122846,0.980782895,2407,0.019217105,125253
13/07/2020,123597,0.981395903,2343,0.018604097,125940
20/07/2020,181751,0.989411854,1945,0.010588146,183696
27/07/2020,185656,0.989927751,1889,0.010072249,187545
3/08/2020,180317,0.991368267,1570,0.008631733,181887
10/08/2020,189648,0.990427249,1833,0.009572751,191481
17/08/2020,178782,0.990454558,1723,0.009545442,180505
24/08/2020,193644,0.990065802,1943,0.009934198,195587
31/08/2020,196489,0.989968763,1991,0.010031237,198480
7/09/2020,198462,0.989682393,2069,0.010317607,200531
14/09/2020,202202,0.989856761,2072,0.010143239,204274
21/09/2020,197392,0.989696511,2055,0.010303489,199447
28/09/2020,151663,0.980431831,3027,0.019568169,154690
5/10/2020,130216,0.980520018,2587,0.019479982,132803
12/10/2020,214057,0.988775308,2430,0.011224692,216487
19/10/2020,212249,0.989768843,2194,0.010231157,214443
26/10/2020,207030,0.989991536,2093,0.010008464,209123
2/11/2020,212377,0.989452155,2264,0.010547845,214641
9/11/2020,220011,0.987592863,2764,0.012407137,222775
16/11/2020,222749,0.986802701,2979,0.013197299,225728
23/11/2020,224566,0.986556896,3060,0.013443104,227626
30/11/2020,223636,0.986114602,3149,0.013885398,226785
7/12/2020,220284,0.984346723,3503,0.015653277,223787
14/12/2020,199792,0.983199315,3414,0.016800685,203206
21/12/2020,115649,0.978906561,2492,0.021093439,118141
28/12/2020,76666,0.964534189,2819,0.035465811,79485
4/01/2021,137196,0.98124705,2622,0.01875295,139818
11/01/2021,133215,0.986193367,1865,0.013806633,135080
18/01/2021,163400,0.987836433,2012,0.012163567,165412
25/01/2021,144771,0.98283763,2528,0.01716237,147299
1/02/2021,247118,0.987871374,3034,0.012128626,250152
8/02/2021,264692,0.988368489,3115,0.011631511,267807
15/02/2021,266340,0.988329592,3145,0.011670408,269485
22/02/2021,268674,0.988102637,3235,0.011897363,271909
1/03/2021,265122,0.986849305,3533,0.013150695,268655
8/03/2021,228035,0.988336815,2691,0.011663185,230726
15/03/2021,270596,0.988536316,3138,0.011463684,273734
22/03/2021,262336,0.986978785,3461,0.013021215,265797
29/03/2021,217433,0.984242737,3481,0.015757263,220914
5/04/2021,171656,0.977589968,3935,0.022410032,175591
12/04/2021,200243,0.979609708,4168,0.020390292,204411
19/04/2021,268813,0.987901729,3292,0.012098271,272105
26/04/2021,236185,0.986203959,3304,0.013796041,239489
3/05/2021,264955,0.988147673,3178,0.011852327,268133
10/05/2021,267617,0.987414584,3411,0.012585416,271028
17/05/2021,266026,0.987710518,3310,0.012289482,269336
24/05/2021,266137,0.987678925,3320,0.012321075,269457
31/05/2021,221806,0.986953697,2932,0.013046303,224738
7/06/2021,255809,0.98729834,3291,0.01270166,259100
14/06/2021,216302,0.987238587,2796,0.012761413,219098
21/06/2021,235962,0.987474629,2993,0.012525371,238955
28/06/2021,171291,0.984781934,2647,0.015218066,173938
5/07/2021,181041,0.984062879,2932,0.015937121,183973
12/07/2021,236283,0.989936527,2402,0.010063473,238685
19/07/2021,244908,0.991060914,2209,0.008939086,247117
26/07/2021,253385,0.990590011,2407,0.009409989,255792
2/08/2021,256346,0.990284361,2515,0.009715639,258861
9/08/2021,188028,0.99263553,1395,0.00736447,189423
16/08/2021,28496,0.989513161,302,0.010486839,28798
23/08/2021,26681,0.988881064,300,0.011118936,26981
30/08/2021,28606,0.988185712,342,0.011814288,28948
6/09/2021,31017,0.986294836,431,0.013705164,31448
13/09/2021,32550,0.988910831,365,0.011089169,32915
20/09/2021,33480,0.987785449,414,0.012214551,33894
27/09/2021,34201,0.987070334,448,0.012929666,34649
4/10/2021,35711,0.987883482,438,0.012116518,36149
11/10/2021,45106,0.985040729,685,0.014959271,45791
18/10/2021,76545,0.985629853,1116,0.014370147,77661
25/10/2021,117738,0.987353874,1508,0.012646126,119246
1/11/2021,157927,0.987630155,1978,0.012369845,159905
8/11/2021,165968,0.988652136,1905,0.011347864,167873
15/11/2021,177978,0.985902073,2545,0.014097927,180523
22/11/2021,181879,0.987056614,2385,0.012943386,184264
29/11/2021,192529,0.986357023,2663,0.013642977,195192
6/12/2021,184904,0.984553127,2901,0.015446873,187805
13/12/2021,175871,0.984664912,2739,0.015335088,178610
20/12/2021,113102,0.982060989,2066,0.017939011,115168
27/12/2021,61574,0.97222617,1759,0.02777383,63333
3/01/2022,83695,0.958233631,3648,0.041766369,87343
10/01/2022,97603,0.982593726,1729,0.017406274,99332
17/01/2022,105853,0.981110565,2038,0.018889435,107891
24/01/2022,103189,0.980818767,2018,0.019181233,105207
31/01/2022,177597,0.985658865,2584,0.014341135,180181
7/02/2022,200774,0.979839438,4131,0.020160562,204905
14/02/2022,208876,0.986543866,2849,0.013456134,211725
21/02/2022,213866,0.985789287,3083,0.014210713,216949
28/02/2022,219489,0.98803495,2658,0.01196505,222147
7/03/2022,230219,0.985534979,3379,0.014465021,233598
14/03/2022,207040,0.983077244,3564,0.016922756,210604
21/03/2022,234161,0.986190195,3279,0.013809805,237440
28/03/2022,229694,0.986268313,3198,0.013731687,232892
4/04/2022,227130,0.984542428,3566,0.015457572,230696
11/04/2022,146937,0.974447908,3853,0.025552092,150790
18/04/2022,150547,0.969463388,4742,0.030536612,155289
25/04/2022,204797,0.983867791,3358,0.016132209,208155
2/05/2022,235607,0.9871457,3068,0.0128543,238675
9/05/2022,228276,0.98717361,2966,0.01282639,231242
16/05/2022,232023,0.987130288,3025,0.012869712,235048
23/05/2022,229375,0.986372471,3169,0.013627529,232544
30/05/2022,189742,0.987442429,2413,0.012557571,192155
6/06/2022,221200,0.98603855,3132,0.01396145,224332
13/06/2022,190084,0.985463067,2804,0.014536933,192888
20/06/2022,215514,0.985517718,3167,0.014482282,218681
27/06/2022,196526,0.98389923,3216,0.01610077,199742
4/07/2022,170047,0.976821268,4035,0.023178732,174082
11/07/2022,170621,0.978325812,3780,0.021674188,174401
18/07/2022,221358,0.985315392,3299,0.014684608,224657
25/07/2022,230312,0.984997006,3508,0.015002994,233820
1/08/2022,215507,0.985535281,3163,0.014464719,218670
8/08/2022,235187,0.985993259,3341,0.014006741,238528
15/08/2022,234691,0.984739519,3637,0.015260481,238328
22/08/2022,235822,0.9840226,3829,0.0159774,239651
29/08/2022,237764,0.98567283,3456,0.01432717,241220
5/09/2022,227555,0.983923761,3718,0.016076239,231273
12/09/2022,236500,0.984620765,3694,0.015379235,240194
19/09/2022,209248,0.978677031,4559,0.021322969,213807
26/09/2022,197147,0.973344327,5399,0.026655673,202546
3/10/2022,162982,0.975046813,4171,0.024953187,167153
10/10/2022,254010,0.981119978,4888,0.018880022,258898
17/10/2022,248656,0.98375547,4106,0.01624453,252762
24/10/2022,247156,0.98420688,3966,0.01579312,251122
31/10/2022,238165,0.982849196,4156,0.017150804,242321
7/11/2022,247141,0.9829103,4297,0.0170897,251438
14/11/2022,248382,0.980363677,4975,0.019636323,253357
21/11/2022,249302,0.97290104,6944,0.02709896,256246
28/11/2022,241679,0.980374579,4838,0.019625421,246517
5/12/2022,237653,0.979261268,5033,0.020738732,242686
12/12/2022,213211,0.977480596,4912,0.022519404,218123
19/12/2022,160762,0.975734402,3998,0.024265598,164760
26/12/2022,87242,0.959610181,3672,0.040389819,90914
2/01/2023,135508,0.93956623,8716,0.06043377,144224
9/01/2023,183833,0.975179299,4679,0.024820701,188512
16/01/2023,197224,0.974325786,5197,0.025674214,202421
23/01/2023,173337,0.976238483,4219,0.023761517,177556
30/01/2023,260767,0.983187923,4459,0.016812077,265226
6/02/2023,287127,0.983887825,4702,0.016112175,291829
13/02/2023,313962,0.976702515,7489,0.023297485,321451
20/02/2023,302541,0.982850367,5279,0.017149633,307820
27/02/2023,298032,0.985115772,4503,0.014884228,302535
6/03/2023,305551,0.984711323,4744,0.015288677,310295
13/03/2023,265978,0.984509352,4185,0.015490648,270163
20/03/2023,295110,0.985957843,4203,0.014042157,299313
27/03/2023,285566,0.986421276,3931,0.013578724,289497
3/04/2023,233188,0.983882401,3820,0.016117599,237008
10/04/2023,187880,0.980170179,3801,0.019829821,191681
17/04/2023,230526,0.975581474,5770,0.024418526,236296
24/04/2023,238610,0.985161269,3594,0.014838731,242204
1/05/2023,284519,0.987518873,3596,0.012481127,288115
8/05/2023,285127,0.987333137,3658,0.012666863,288785
15/05/2023,282551,0.986705453,3807,0.013294547,286358
22/05/2023,268554,0.985841247,3857,0.014158753,272411
29/05/2023,235173,0.9858891,3366,0.0141109,238539
5/06/2023,266590,0.985869658,3821,0.014130342,270411
12/06/2023,232043,0.985040349,3524,0.014959651,235567
19/06/2023,251656,0.985475692,3709,0.014524308,255365
26/06/2023,236297,0.984886818,3626,0.015113182,239923
3/07/2023,202423,0.982278297,3652,0.017721703,206075
10/07/2023,213245,0.978740298,4632,0.021259702,217877
17/07/2023,276614,0.986297365,3843,0.013702635,280457
24/07/2023,292378,0.986264125,4072,0.013735875,296450
31/07/2023,297057,0.986860989,3955,0.013139011,301012
7/08/2023,291858,0.987384425,3729,0.012615575,295587
14/08/2023,285234,0.986781062,3821,0.013218938,289055
21/08/2023,291149,0.986180219,4080,0.013819781,295229
28/08/2023,290603,0.987172998,3776,0.012827002,294379
4/09/2023,279528,0.986351254,3868,0.013648746,283396
11/09/2023,287544,0.985833596,4132,0.014166404,291676
18/09/2023,293938,0.983221499,5016,0.016778501,298954
25/09/2023,243891,0.975759152,6059,0.024240848,249950
2/10/2023,202905,0.979228701,4304,0.020771299,207209
9/10/2023,297077,0.985856461,4262,0.014143539,301339
16/10/2023,293794,0.986551332,4005,0.013448668,297799
23/10/2023,290538,0.986211813,4062,0.013788187,294600
30/10/2023,279799,0.985481877,4122,0.014518123,283921
6/11/2023,285769,0.983274266,4861,0.016725734,290630
13/11/2023,255056,0.982969458,4419,0.017030542,259475
20/11/2023,276755,0.98184637,5117,0.01815363,281872
27/11/2023,259116,0.983004294,4480,0.016995706,263596
4/12/2023,259810,0.983115881,4462,0.016884119,264272
11/12/2023,243056,0.980792201,4760,0.019207799,247816
18/12/2023,191276,0.979827266,3938,0.020172734,195214
25/12/2023,94126,0.9656821,3345,0.0343179,97471
1/01/2024,140844,0.941011405,8829,0.058988595,149673
8/01/2024,193320,0.980195309,3906,0.019804691,197226
15/01/2024,206362,0.980421222,4121,0.019578778,210483
22/01/2024,193916,0.979507307,4057,0.020492693,197973
29/01/2024,258424,0.98498645,3939,0.01501355,262363
5/02/2024,309856,0.984360456,4923,0.015639544,314779
12/02/2024,330012,0.987320868,4238,0.012679132,334250
19/02/2024,325921,0.985960274,4641,0.014039726,330562
26/02/2024,329494,0.988210242,3931,0.011789758,333425
4/03/2024,325534,0.989311687,3517,0.010688313,329051
11/03/2024,283728,0.989230067,3089,0.010769933,286817
18/03/2024,325122,0.989734972,3372,0.010265028,328494
25/03/2024,264330,0.986269169,3680,0.013730831,268010
1/04/2024,251777,0.988713965,2874,0.011286035,254651
8/04/2024,296812,0.98814145,3562,0.01185855,300374
15/04/2024,247246,0.982358971,4440,0.017641029,251686
22/04/2024,208929,0.980160257,4229,0.019839743,213158
29/04/2024,299765,0.986890406,3982,0.013109594,303747
6/05/2024,301302,0.987807397,3719,0.012192603,305021
13/05/2024,302456,0.98830203,3580,0.01169797,306036
20/05/2024,294276,0.986397796,4058,0.013602204,298334
27/05/2024,245890,0.986935319,3255,0.013064681,249145
3/06/2024,281105,0.986807694,3758,0.013192306,284863
10/06/2024,244372,0.986787485,3272,0.013212515,247644
17/06/2024,271581,0.987394927,3467,0.012605073,275048
24/06/2024,266447,0.986606878,3617,0.013393122,270064
1/07/2024,247639,0.984757746,3833,0.015242254,251472
8/07/2024,215426,0.980122387,4369,0.019877613,219795
15/07/2024,213195,0.98235679,3829,0.01764321,217024
22/07/2024,286399,0.987024579,3765,0.012975421,290164
29/07/2024,299590,0.988312061,3543,0.011687939,303133
5/08/2024,298243,0.987700235,3714,0.012299765,301957
12/08/2024,296347,0.987303354,3811,0.012696646,300158
19/08/2024,290068,0.986729893,3901,0.013270107,293969
26/08/2024,294039,0.987367403,3762,0.012632597,297801
2/09/2024,281552,0.987063616,3690,0.012936384,285242
9/09/2024,282524,0.986129048,3974,0.013870952,286498
16/09/2024,211035,0.988463592,2463,0.011536408,213498
23/09/2024,2289,0.999127019,2,0.000872981,2291
